id;parameters;created_date;expires_at;download_link
1;Buckinghamshire;2023-07-13T14:32:11;2023-07-13T11:08:41;reboot
2;Berkshire multi-byte;2023-07-13T16:48:49;2023-07-13T14:58:26;mission-critical
3;Marginal deposit Saúde;2023-07-13T10:31:04;2023-07-13T08:19:29;engage Turismo
4;Cadeira;2023-07-13T04:37:43;2023-07-12T23:25:02;invoice
5;Prático schemas Account;2023-07-13T11:09:00;2023-07-13T03:25:31;Engineer Account zero
6;program Grosso wireless;2023-07-13T01:22:13;2023-07-13T07:07:21;Incrível compressing
7;primary;2023-07-13T03:25:52;2023-07-13T13:36:43;Global
8;Singapura user-facing;2023-07-13T21:53:32;2023-07-13T09:21:39;Carro
9;Fantástico do;2023-07-13T15:44:23;2023-07-13T09:53:11;user-facing Toalhas
10;Virtual;2023-07-13T05:28:02;2023-07-13T01:55:45;transmitting
