id;name;model;modality;hash
1;Chipre engage invoice;orchestrate;Agent Acre Concreto;Operations Pequeno Automotivo
2;innovative Madeira;Rondônia Senior Borracha;web-enabled;sensor Afeganistão
3;knowledge Equatorial holistic;Malásia Extended Hryvnia;Crianças;Computadores Heard Algodão
4;pricing amarelo;Saúde;killer Somália;connecting
5;1080p payment Unidos;Versatile secondary Concreto;Borders;Franc
6;hard Account solutions;Travessa models;overriding indexing;sensor
7;Berkshire Regional;Incrível next;Madeira synthesizing;mesh 1080p Cambridgeshire
8;verde Associate;metrics Sem;Fantástico program Implementation;exploit
9;Card productivity Brinquedos;Peso Guiana;niches;Cape Horizontal transmit
10;PNG Strategist Creative;Brand eyeballs transform;Alameda e-services;Configurable
